[
  {
    "province_id": 11,
    "province_name": "ACEH"
  },
  {
    "province_id": 12,
    "province_name": "SUMATERA UTARA"
  },
  {
    "province_id": 13,
    "province_name": "SUMATERA BARAT"
  },
  {
    "province_id": 14,
    "province_name": "RIAU"
  },
  {
    "province_id": 15,
    "province_name": "JAMBI"
  },
  {
    "province_id": 16,
    "province_name": "SUMATERA SELATAN"
  },
  {
    "province_id": 17,
    "province_name": "BENGKULU"
  },
  {
    "province_id": 18,
    "province_name": "LAMPUNG"
  },
  {
    "province_id": 19,
    "province_name": "KEPULAUAN BANGKA BELITUNG"
  },
  {
    "province_id": 21,
    "province_name": "KEPULAUAN RIAU"
  },
  {
    "province_id": 31,
    "province_name": "DKI JAKARTA"
  },
  {
    "province_id": 32,
    "province_name": "JAWA BARAT"
  },
  {
    "province_id": 33,
    "province_name": "JAWA TENGAH"
  },
  {
    "province_id": 34,
    "province_name": "DI YOGYAKARTA"
  },
  {
    "province_id": 35,
    "province_name": "JAWA TIMUR"
  },
  {
    "province_id": 36,
    "province_name": "BANTEN"
  },
  {
    "province_id": 51,
    "province_name": "BALI"
  },
  {
    "province_id": 52,
    "province_name": "NUSA TENGGARA BARAT"
  },
  {
    "province_id": 53,
    "province_name": "NUSA TENGGARA TIMUR"
  },
  {
    "province_id": 61,
    "province_name": "KALIMANTAN BARAT"
  },
  {
    "province_id": 62,
    "province_name": "KALIMANTAN TENGAH"
  },
  {
    "province_id": 63,
    "province_name": "KALIMANTAN SELATAN"
  },
  {
    "province_id": 64,
    "province_name": "KALIMANTAN TIMUR"
  },
  {
    "province_id": 65,
    "province_name": "KALIMANTAN UTARA"
  },
  {
    "province_id": 71,
    "province_name": "SULAWESI UTARA"
  },
  {
    "province_id": 72,
    "province_name": "SULAWESI TENGAH"
  },
  {
    "province_id": 73,
    "province_name": "SULAWESI SELATAN"
  },
  {
    "province_id": 74,
    "province_name": "SULAWESI TENGGARA"
  },
  {
    "province_id": 75,
    "province_name": "GORONTALO"
  },
  {
    "province_id": 76,
    "province_name": "SULAWESI BARAT"
  },
  {
    "province_id": 81,
    "province_name": "MALUKU"
  },
  {
    "province_id": 82,
    "province_name": "MALUKU UTARA"
  },
  {
    "province_id": 91,
    "province_name": "PAPUA BARAT"
  },
  {
    "province_id": 94,
    "province_name": "PAPUA"
  }
]
