[
  {
    "name": "Suku Aceh"
  },
  {
    "name": "Suku Aero"
  },
  {
    "name": "Suku Alas"
  },
  {
    "name": "Suku Alune"
  },
  {
    "name": "Suku Ambon"
  },
  {
    "name": "Suku Amungme"
  },
  {
    "name": "Suku Anak Dalam"
  },
  {
    "name": "Suku Aneuk Jamee"
  },
  {
    "name": "Suku Aru"
  },
  {
    "name": "Suku Asaro"
  },
  {
    "name": "Suku Asmat"
  },
  {
    "name": "Suku Baduy (badui)"
  },
  {
    "name": "Suku Bajo"
  },
  {
    "name": "Suku Balantak"
  },
  {
    "name": "Suku Balesang"
  },
  {
    "name": "Suku Bali"
  },
  {
    "name": "Suku Bangka"
  },
  {
    "name": "Suku Banjar"
  },
  {
    "name": "Suku Batak"
  },
  {
    "name": "Suku Batak Angkola"
  },
  {
    "name": "Suku Batak Karo"
  },
  {
    "name": "Suku Batak Mandailing"
  },
  {
    "name": "Suku Batak Pakpak"
  },
  {
    "name": "Suku Batak Simalungun"
  },
  {
    "name": "Suku Batak Toba"
  },
  {
    "name": "Suku Bauzi"
  },
  {
    "name": "Suku Bawean"
  },
  {
    "name": "Suku Belitung"
  },
  {
    "name": "Suku Bengkulu"
  },
  {
    "name": "Suku Berau"
  },
  {
    "name": "Suku Betawi"
  },
  {
    "name": "Suku Bima"
  },
  {
    "name": "Suku Boti"
  },
  {
    "name": "Suku Bugis"
  },
  {
    "name": "Suku Bunak"
  },
  {
    "name": "Suku Bungku"
  },
  {
    "name": "Suku Buru"
  },
  {
    "name": "Suku Buton"
  },
  {
    "name": "Suku Dani"
  },
  {
    "name": "Suku Dayak"
  },
  {
    "name": "Suku Devayan"
  },
  {
    "name": "Suku Ende"
  },
  {
    "name": "Suku Flores"
  },
  {
    "name": "Suku Fordata"
  },
  {
    "name": "Suku Gayo"
  },
  {
    "name": "Suku Goroka"
  },
  {
    "name": "Suku Gorontalo"
  },
  {
    "name": "Suku Halmahera"
  },
  {
    "name": "Suku Haloban"
  },
  {
    "name": "Suku Huli"
  },
  {
    "name": "Suku Jawa"
  },
  {
    "name": "Suku Kaidipang"
  },
  {
    "name": "Suku Kalam"
  },
  {
    "name": "Suku Kayu Agung"
  },
  {
    "name": "Suku Kluet"
  },
  {
    "name": "Suku Korowai"
  },
  {
    "name": "Suku Kubu"
  },
  {
    "name": "Suku Kutai"
  },
  {
    "name": "Suku Lampung"
  },
  {
    "name": "Suku Laut"
  },
  {
    "name": "Suku Lekon"
  },
  {
    "name": "Suku Loloan"
  },
  {
    "name": "Suku Luwu"
  },
  {
    "name": "Suku Madura"
  },
  {
    "name": "Suku Makasar"
  },
  {
    "name": "Suku mamale"
  },
  {
    "name": "Suku Mandar"
  },
  {
    "name": "Suku Manggarai"
  },
  {
    "name": "Suku Melayu"
  },
  {
    "name": "Suku Mentawai"
  },
  {
    "name": "Suku Minahasa"
  },
  {
    "name": "Suku Minangkabau"
  },
  {
    "name": "Suku Mongondow"
  },
  {
    "name": "Suku Morotai"
  },
  {
    "name": "Suku Muyu"
  },
  {
    "name": "Suku Ngada"
  },
  {
    "name": "Suku Nias"
  },
  {
    "name": "Suku Nuaulu"
  },
  {
    "name": "Suku Osing"
  },
  {
    "name": "Suku Pakpak"
  },
  {
    "name": "Suku Palembang"
  },
  {
    "name": "Suku Paser"
  },
  {
    "name": "Suku Rote"
  },
  {
    "name": "Suku Sakai"
  },
  {
    "name": "Suku Samin"
  },
  {
    "name": "Suku Sangir"
  },
  {
    "name": "Suku Sasak"
  },
  {
    "name": "Suku Sawai"
  },
  {
    "name": "Suku Seram"
  },
  {
    "name": "Suku Sigulai"
  },
  {
    "name": "Suku Sika"
  },
  {
    "name": "Suku Singkil"
  },
  {
    "name": "Suku Sumba"
  },
  {
    "name": "Suku Sumbawa"
  },
  {
    "name": "Suku Sunda"
  },
  {
    "name": "Suku Tamiang"
  },
  {
    "name": "Suku Tengger"
  },
  {
    "name": "Suku Ternate"
  },
  {
    "name": "Suku Tidore"
  },
  {
    "name": "Suku Tionghoa"
  },
  {
    "name": "Suku Tolaki"
  },
  {
    "name": "Suku Toraja"
  },
  {
    "name": "Suku Wai Apu"
  },
  {
    "name": "Suku Wakatobi"
  },
  {
    "name": "Suku Wemale"
  },
  {
    "name": "Suku Yali"
  },
  {
    "name": "Lain - lain"
  }
]
